{
    "$schema": "https://schema.management.azure.com/schemas/2015-01-01/deploymentParameters.json#",
    "contentVersion": "1.0.0.0",
    "parameters": {
        "IotHubs_datapipelineiothub_connectionString": {
            "value": null
        },
        "IotHubs_datapipelineiothub_containerName": {
            "value": null
        },
        "vulnerabilityAssessments_Default_storageContainerPath": {
            "value": null
        },
        "servers_data_pipeline_name": {
            "value": null
        },
        "IotHubs_datapipelineiothub_name": {
            "value": null
        },
        "virtualMachines_fake_on_premises_name": {
            "value": null
        },
        "storageAccounts_datalakepipeline_name": {
            "value": null
        },
        "virtualNetworks_data_pipeline_vnet_name": {
            "value": null
        },
        "networkInterfaces_fake_on_premises122_name": {
            "value": null
        },
        "publicIPAddresses_fake_on_premises_ip_name": {
            "value": null
        },
        "networkSecurityGroups_fake_on_premises_nsg_name": {
            "value": null
        },
        "schedules_shutdown_computevm_fake_on_premises_name": {
            "value": null
        }
    }
}